<?xml version="1.0" encoding="UTF-8"?>
<project-private xmlns="http://www.netbeans.org/ns/project-private/1">
    <editor-bookmarks xmlns="http://www.netbeans.org/ns/editor-bookmarks/2" lastBookmarkId="0"/>
    <open-files xmlns="http://www.netbeans.org/ns/projectui-open-files/2">
        <group>
            <file>file:/C:/Users/Lee/Documents/NetBeansProjects/x-aurora/src/xaurora/ui/LoginUI.java</file>
            <file>file:/C:/Users/Lee/Documents/NetBeansProjects/x-aurora/test/preferenceUITest.java</file>
            <file>file:/C:/Users/Lee/Documents/NetBeansProjects/x-aurora/src/xaurora/ui/PreferenceUI.java</file>
        </group>
    </open-files>
</project-private>
